CREATE TABLE people(name,age,state,hobby);
INSERT INTO "people" VALUES('Carolyn',52,"Florida","karaoke");
INSERT INTO "people" VALUES('Dan',47,"Maine","disc golf");
INSERT INTO "people" VALUES('Hali',25,"California","surfing");
INSERT INTO "people" VALUES('Jenn',22,"California","surfing");
INSERT INTO "people" VALUES('Joaquin',27,"New York","traveling");
INSERT INTO "people" VALUES('Joe',25,"Arizona","metalworking");
INSERT INTO "people" VALUES('Kelly',44,"New York","football");
INSERT INTO "people" VALUES('Lindsey',24,"Florida","cooking");
INSERT INTO "people" VALUES('Max',37,"California","growing a beard");
INSERT INTO "people" VALUES('Mike',38,"Texas","disc golf");
INSERT INTO "people" VALUES('Nina',51,"California","running");
INSERT INTO "people" VALUES('Rodney',24,"Massachusetts","basketball");
INSERT INTO "people" VALUES('Shirin',31,"California","traveling");
INSERT INTO "people" VALUES('Sierra',27,"Utah","rodeo");
INSERT INTO "people" VALUES('So',31,"California","traveling");
INSERT INTO "people" VALUES('Tyler',33,"California","football");
INSERT INTO "people" VALUES('Vince',32,"California","dancing");
INSERT INTO "people" VALUES('Will',41,"California","karaoke");

CREATE TABLE posts(post_id,poster,text,time);
INSERT INTO "posts" VALUES(1,'Mike','Scorpions',104);
INSERT INTO "posts" VALUES(2,'Jenn','Jetskis',124);
INSERT INTO "posts" VALUES(3,'So','Neutral',134);
INSERT INTO "posts" VALUES(4,'Nina','Cries',229);
INSERT INTO "posts" VALUES(5,'Mike','Let''s get wood',234);
INSERT INTO "posts" VALUES(6,'Vince','Spherical oasis',237);
INSERT INTO "posts" VALUES(7,'Joe','I''m so cool',257);
INSERT INTO "posts" VALUES(8,'Jenn','Winner winner chicken dinner',312);
INSERT INTO "posts" VALUES(9,'Mike','Kelly is my best friend',336);
INSERT INTO "posts" VALUES(10,'Hali','I love surfing',345);
INSERT INTO "posts" VALUES(11,'Shirin','Monkeys',347);
INSERT INTO "posts" VALUES(12,'Vince','Feathers',355);
INSERT INTO "posts" VALUES(13,'Carolyn','I don''t like Max',430);
INSERT INTO "posts" VALUES(14,'Kelly','My head hurts',431);
INSERT INTO "posts" VALUES(15,'Carolyn','I don''t like Shirin',450);
INSERT INTO "posts" VALUES(16,'Max','My foot hurts',508);
INSERT INTO "posts" VALUES(17,'Rodney','Joaquin is my bro',516);
INSERT INTO "posts" VALUES(18,'Max','The game is afoot',553);
INSERT INTO "posts" VALUES(19,'Jenn','Magic',615);
INSERT INTO "posts" VALUES(20,'Rodney','I love my mother',648);
INSERT INTO "posts" VALUES(21,'Hali','I love the Constitution',720);
INSERT INTO "posts" VALUES(22,'Mike','Snickers',725);
INSERT INTO "posts" VALUES(23,'Will','Sandwiches',726);
INSERT INTO "posts" VALUES(24,'Joe','I''m super cool',847);



CREATE TABLE requests(friend1,friend2);
INSERT INTO "requests" VALUES('Carolyn','Joaquin');
INSERT INTO "requests" VALUES('Carolyn','Kelly');
INSERT INTO "requests" VALUES('Carolyn','Mike');
INSERT INTO "requests" VALUES('Carolyn','Rodney');
INSERT INTO "requests" VALUES('Carolyn','Tyler');
INSERT INTO "requests" VALUES('Dan','Mike');
INSERT INTO "requests" VALUES('Hali','Jenn');
INSERT INTO "requests" VALUES('Hali','Joe');
INSERT INTO "requests" VALUES('Hali','Mike');
INSERT INTO "requests" VALUES('Hali','Shirin');
INSERT INTO "requests" VALUES('Jenn','Hali');
INSERT INTO "requests" VALUES('Jenn','Joe');
INSERT INTO "requests" VALUES('Jenn','Shirin');
INSERT INTO "requests" VALUES('Joaquin','Rodney');
INSERT INTO "requests" VALUES('Joaquin','Sierra');
INSERT INTO "requests" VALUES('Joaquin','So');
INSERT INTO "requests" VALUES('Joaquin','Tyler');
INSERT INTO "requests" VALUES('Joe','Hali');
INSERT INTO "requests" VALUES('Joe','Jenn');
INSERT INTO "requests" VALUES('Joe','Mike');
INSERT INTO "requests" VALUES('Joe','Nina');
INSERT INTO "requests" VALUES('Joe','Vince');
INSERT INTO "requests" VALUES('Joe','Will');
INSERT INTO "requests" VALUES('Kelly','Carolyn');
INSERT INTO "requests" VALUES('Kelly','Hali');
INSERT INTO "requests" VALUES('Kelly','Jenn');
INSERT INTO "requests" VALUES('Kelly','Mike');
INSERT INTO "requests" VALUES('Kelly','Rodney');
INSERT INTO "requests" VALUES('Kelly','Sierra');
INSERT INTO "requests" VALUES('Kelly','Tyler');
INSERT INTO "requests" VALUES('Lindsey','Kelly');
INSERT INTO "requests" VALUES('Lindsey','Mike');
INSERT INTO "requests" VALUES('Lindsey','Sierra');
INSERT INTO "requests" VALUES('Max','Carolyn');
INSERT INTO "requests" VALUES('Max','Kelly');
INSERT INTO "requests" VALUES('Max','Shirin');
INSERT INTO "requests" VALUES('Max','Tyler');
INSERT INTO "requests" VALUES('Mike','Carolyn');
INSERT INTO "requests" VALUES('Mike','Dan');
INSERT INTO "requests" VALUES('Mike','Kelly');
INSERT INTO "requests" VALUES('Mike','Rodney');
INSERT INTO "requests" VALUES('Mike','Sierra');
INSERT INTO "requests" VALUES('Mike','Tyler');
INSERT INTO "requests" VALUES('Mike','Will');
INSERT INTO "requests" VALUES('Nina','Hali');
INSERT INTO "requests" VALUES('Nina','Jenn');
INSERT INTO "requests" VALUES('Nina','Vince');
INSERT INTO "requests" VALUES('Nina','Will');
INSERT INTO "requests" VALUES('Rodney','Carolyn');
INSERT INTO "requests" VALUES('Rodney','Joaquin');
INSERT INTO "requests" VALUES('Rodney','Tyler');
INSERT INTO "requests" VALUES('Rodney','Will');
INSERT INTO "requests" VALUES('Shirin','Carolyn');
INSERT INTO "requests" VALUES('Shirin','Hali');
INSERT INTO "requests" VALUES('Shirin','Jenn');
INSERT INTO "requests" VALUES('Shirin','Joaquin');
INSERT INTO "requests" VALUES('Shirin','Mike');
INSERT INTO "requests" VALUES('Shirin','Tyler');
INSERT INTO "requests" VALUES('Sierra','Kelly');
INSERT INTO "requests" VALUES('Sierra','Lindsey');
INSERT INTO "requests" VALUES('Sierra','Mike');
INSERT INTO "requests" VALUES('So','Joaquin');
INSERT INTO "requests" VALUES('So','Max');
INSERT INTO "requests" VALUES('So','Tyler');
INSERT INTO "requests" VALUES('Tyler','Carolyn');
INSERT INTO "requests" VALUES('Tyler','Joaquin');
INSERT INTO "requests" VALUES('Tyler','Kelly');
INSERT INTO "requests" VALUES('Tyler','Will');
INSERT INTO "requests" VALUES('Vince','Jenn');
INSERT INTO "requests" VALUES('Vince','Nina');
INSERT INTO "requests" VALUES('Vince','Will');
INSERT INTO "requests" VALUES('Will','Hali');
INSERT INTO "requests" VALUES('Will','Jenn');
INSERT INTO "requests" VALUES('Will','Joe');
INSERT INTO "requests" VALUES('Will','Mike');
INSERT INTO "requests" VALUES('Will','Nina');
INSERT INTO "requests" VALUES('Will','Rodney');
INSERT INTO "requests" VALUES('Will','Tyler');

CREATE TABLE likes(post_id,name,time);
INSERT INTO "likes" VALUES(1,'Kelly',105);
INSERT INTO "likes" VALUES(1,'Mike',108);
INSERT INTO "likes" VALUES(1,'Rodney',125);
INSERT INTO "likes" VALUES(1,'Sierra',113);
INSERT INTO "likes" VALUES(2,'Hali',134);
INSERT INTO "likes" VALUES(3,'Joaquin',154);
INSERT INTO "likes" VALUES(6,'Jenn',258);
INSERT INTO "likes" VALUES(6,'Vince',243);
INSERT INTO "likes" VALUES(8,'Hali',357);
INSERT INTO "likes" VALUES(8,'Jenn',326);
INSERT INTO "likes" VALUES(8,'Shirin',314);
INSERT INTO "likes" VALUES(9,'Kelly',349);
INSERT INTO "likes" VALUES(9,'Mike',349);
INSERT INTO "likes" VALUES(10,'Jenn',410);
INSERT INTO "likes" VALUES(10,'Nina',358);
INSERT INTO "likes" VALUES(11,'Shirin',352);
INSERT INTO "likes" VALUES(12,'Jenn',415);
INSERT INTO "likes" VALUES(12,'Vince',408);
INSERT INTO "likes" VALUES(13,'Hali',447);
INSERT INTO "likes" VALUES(13,'Jenn',435);
INSERT INTO "likes" VALUES(15,'Hali',506);
INSERT INTO "likes" VALUES(15,'Jenn',515);
INSERT INTO "likes" VALUES(15,'Will',511);
INSERT INTO "likes" VALUES(17,'Joaquin',548);
INSERT INTO "likes" VALUES(17,'Rodney',519);
INSERT INTO "likes" VALUES(18,'Max',729);
INSERT INTO "likes" VALUES(18,'Shirin',634);
INSERT INTO "likes" VALUES(19,'Hali',628);
INSERT INTO "likes" VALUES(19,'Joe',639);
INSERT INTO "likes" VALUES(20,'Joaquin',756);
INSERT INTO "likes" VALUES(20,'Lindsey',657);
INSERT INTO "likes" VALUES(20,'Mike',724);
INSERT INTO "likes" VALUES(20,'Rodney',813);
INSERT INTO "likes" VALUES(22,'Dan',726);
INSERT INTO "likes" VALUES(22,'Mike',734);
INSERT INTO "likes" VALUES(22,'Sierra',729);
INSERT INTO "likes" VALUES(23,'Dan',845);
INSERT INTO "likes" VALUES(23,'Jenn',837);
INSERT INTO "likes" VALUES(23,'Joe',728);
INSERT INTO "likes" VALUES(23,'Nina',802);
INSERT INTO "likes" VALUES(23,'Vince',800);
INSERT INTO "likes" VALUES(23,'Will',745);
INSERT INTO "likes" VALUES(24,'Mike',850);

